{"cameraMode":{"drawMode":0,"name":"Shaded","section":"Shading Mode"},"sceneLighting":true,"audioPlay":false,"sceneViewState":{"showFog":true,"showMaterialUpdate":false,"showSkybox":true,"showFlares":true,"showImageEffects":true,"showParticleSystems":true},"in2DMode":false,"pivot":{"x":54.08251953125,"y":-17.085052490234376,"z":-119.89910125732422},"rotation":{"x":-0.12826447188854218,"y":0.8080911040306091,"z":-0.19111542403697968,"w":-0.542549192905426},"size":166.9944305419922,"orthographic":false}