{"cameraMode":{"drawMode":0,"name":"Shaded","section":"Shading Mode"},"sceneLighting":false,"audioPlay":false,"sceneViewState":{"showFog":true,"showMaterialUpdate":false,"showSkybox":false,"showFlares":true,"showImageEffects":true,"showParticleSystems":true},"in2DMode":false,"pivot":{"x":166.56900024414063,"y":36.461814880371097,"z":-75.07368469238281},"rotation":{"x":0.09998247027397156,"y":0.1883680820465088,"z":-0.019277894869446756,"w":0.9768139719963074},"size":11.611546516418457,"orthographic":false}