{"cameraMode":{"drawMode":0,"name":"Shaded","section":"Shading Mode"},"sceneLighting":false,"audioPlay":false,"sceneViewState":{"showFog":true,"showMaterialUpdate":false,"showSkybox":false,"showFlares":true,"showImageEffects":true,"showParticleSystems":true},"in2DMode":false,"pivot":{"x":0.49141359329223635,"y":-0.017207980155944825,"z":0.18205714225769044},"rotation":{"x":-0.11011862009763718,"y":0.7211083173751831,"z":-0.11785303801298142,"w":-0.673792839050293},"size":12.237634658813477,"orthographic":false}