{"cameraMode":{"drawMode":0,"name":"Shaded","section":"Shading Mode"},"sceneLighting":false,"audioPlay":false,"sceneViewState":{"showFog":true,"showMaterialUpdate":false,"showSkybox":false,"showFlares":true,"showImageEffects":true,"showParticleSystems":true},"in2DMode":false,"pivot":{"x":65.98564910888672,"y":19.277385711669923,"z":-126.79330444335938},"rotation":{"x":-0.21099406480789185,"y":0.7858476638793945,"z":-0.3698413372039795,"w":-0.4486415684223175},"size":9.652426719665528,"orthographic":false}