{"cameraMode":{"drawMode":0,"name":"Shaded","section":"Shading Mode"},"sceneLighting":false,"audioPlay":false,"sceneViewState":{"showFog":true,"showMaterialUpdate":false,"showSkybox":false,"showFlares":true,"showImageEffects":true,"showParticleSystems":true},"in2DMode":false,"pivot":{"x":88.15237426757813,"y":-117.05033874511719,"z":143.49362182617188},"rotation":{"x":-0.09663939476013184,"y":0.8580873012542725,"z":-0.17537961900234223,"w":-0.4729117751121521},"size":6.624385356903076,"orthographic":false}