{"cameraMode":{"drawMode":0,"name":"Shaded","section":"Shading Mode"},"sceneLighting":true,"audioPlay":false,"sceneViewState":{"showFog":true,"showMaterialUpdate":false,"showSkybox":true,"showFlares":true,"showImageEffects":true,"showParticleSystems":true},"in2DMode":false,"pivot":{"x":184.64682006835938,"y":-99.30194854736328,"z":188.0396270751953},"rotation":{"x":0.11255595088005066,"y":0.0223583672195673,"z":-0.002439649775624275,"w":0.9934931397438049},"size":13.103044509887696,"orthographic":true}