{"cameraMode":{"drawMode":0,"name":"Shaded","section":"Shading Mode"},"sceneLighting":true,"audioPlay":false,"sceneViewState":{"showFog":true,"showMaterialUpdate":false,"showSkybox":true,"showFlares":true,"showImageEffects":true,"showParticleSystems":true},"in2DMode":false,"pivot":{"x":462.4248962402344,"y":137.45997619628907,"z":304.9790954589844},"rotation":{"x":0.10752638429403305,"y":-0.3315366804599762,"z":0.038096580654382709,"w":0.936660647392273},"size":323.3155517578125,"orthographic":true}