{"cameraMode":{"drawMode":0,"name":"Shaded","section":"Shading Mode"},"sceneLighting":true,"audioPlay":false,"sceneViewState":{"showFog":true,"showMaterialUpdate":false,"showSkybox":true,"showFlares":true,"showImageEffects":true,"showParticleSystems":true},"in2DMode":false,"pivot":{"x":162.43519592285157,"y":37.874691009521487,"z":-69.82853698730469},"rotation":{"x":-0.14680279791355134,"y":-0.13839612901210786,"z":0.020748132839798929,"w":-0.9792189002037048},"size":34.10197067260742,"orthographic":false}