{"cameraMode":{"drawMode":0,"name":"Shaded","section":"Shading Mode"},"sceneLighting":false,"audioPlay":false,"sceneViewState":{"showFog":true,"showMaterialUpdate":false,"showSkybox":false,"showFlares":true,"showImageEffects":true,"showParticleSystems":true},"in2DMode":false,"pivot":{"x":129.3008575439453,"y":29.8092041015625,"z":-73.60382843017578},"rotation":{"x":-0.21616359055042268,"y":0.20447465777397157,"z":-0.04633938893675804,"w":-0.9536663293838501},"size":4.426367282867432,"orthographic":false}