{"cameraMode":{"drawMode":0,"name":"Shaded","section":"Shading Mode"},"sceneLighting":false,"audioPlay":false,"sceneViewState":{"showFog":true,"showMaterialUpdate":false,"showSkybox":false,"showFlares":true,"showImageEffects":true,"showParticleSystems":true},"in2DMode":false,"pivot":{"x":150.84315490722657,"y":30.58395004272461,"z":-70.25450897216797},"rotation":{"x":0.12383153289556503,"y":-0.7466031312942505,"z":0.14483536779880525,"w":0.6375285387039185},"size":5.804195404052734,"orthographic":false}